title,url,company,location,tags,easily_apply,description,page
AI Engineer,https://uk.indeed.com/viewjob?jk=91d6a9c95affd63b,Dojo.tech,Hybrid work in London,,No,"Implement orchestration for multi-model and multi-service workflows (e.g., LangGraph, CrewAI, Google Agent Development Kit, agentic frameworks).",1
Applied AI Engineer,https://uk.indeed.com/viewjob?jk=cc4a3df0ec12f47c,Durlston Partners,London,UK visa sponsorship,No,"£80,000 - £120,000 Base + Equity.;4+ years of experienceing ML in areas like scene understanding, multi-modal sensing, control/path planning, or vision-language…",1
Start-Up AI Engineer (Static Code),https://uk.indeed.com/viewjob?jk=1fe33607ec83b725,Linux Recruit,London,,No,"Software Engineering, Back-end Development, Front-end Development, Leadership.",1
AI Engineer,https://uk.indeed.com/viewjob?jk=bbe18712789efb38,Hive Learning,London,Annual leave;Gym membership;Company pension,No,"Mentorship from experiencedengineersand exposure to enterprise-scale challenges.;Our science-based analysis framework gives complete deal visibility, tracks…",1
Agentic AI Engineer,https://uk.indeed.com/viewjob?jk=84293815b1d1c1bf,Wunderman Thompson MAP,London,,No,"Agentic Design Lab – A product centric function responsible for uncovering and designing value-driven agenticAIopportunities that are feasible, viable, and…",1
AI Product Engineer,https://uk.indeed.com/viewjob?jk=30ec3b9e22cd2551,Log my Care,London WC1V 6NY,,No,"You’ll work directly with our CTO to explore the most promising use cases for large language models (LLMs) and other emergingAItechnologies, rapidly prototype…",1
AI Engineer,https://uk.indeed.com/viewjob?jk=983cfe95b68134e7,Durlston Partners,London,,No,"You will work closely with quant researchers, data scientists, and softwareengineersto leverageAIfor making data-driven investment decisions.",1
Senior AI Engineer,https://uk.indeed.com/viewjob?jk=33c15e8d07bcfbee,Just Eat Takeaway.com,London,,No,"Passion for developer experience and building tools thatengineerslove.;Collaborate with product managers, UX designers, and otherengineersto define…",1
Lead AI Engineer,https://uk.indeed.com/viewjob?jk=984dc8e84f9981dd,Islington Council,Islington,Employee discount;Company pension;Cycle to work scheme;Discounted gym membership,No,"Up to 31 days leave per year, increasing to 36 days after five years of local government service.;A range of flexible working arrangements to maintain a healthy…",1
Forward Deployed AI Engineer,https://uk.indeed.com/viewjob?jk=c6608d290acea88f,Adobe,London W1T 4BL,,No,Strong communicator: You translate complexAIconcepts for bothengineersand executives and guide customers through technical decisions aligned to business…,1
AI Engineer,https://uk.indeed.com/viewjob?jk=e38d069965b3ef58,Moneysupermarket Group,London,,No,"In this role, you’ll leverage cutting-edge technologies, from large language models to multi-agent orchestration framework, to create high-impactAIsolutions…",1
AI Integration Engineer,https://uk.indeed.com/viewjob?jk=2fc8edec13ed71c1,Moneysupermarket Group,London,,No,"In this role, you’ll leverage cutting-edge technologies, from large language models to multi-agent orchestration framework, to create high-impactAIsolutions…",1
Principal Software Engineer- AI (UK),https://uk.indeed.com/viewjob?jk=25663291411b419b,8th Light,Hybrid work in London,,No,"You’ve shown long-term repeated success on a variety of projects, typically over the course of 10+ years.;You bring a blend of deep consulting acumen, technical…",1
AI Engineer,https://uk.indeed.com/viewjob?jk=b1656e70b69a4b92,"Medpace, Inc.",London EC4V 3BJ,Company events,No,Do you have a background in data science and/or computer science with experience working withAItools for interactiveAIapplications across various IT systems…,1
AI Engineer,https://uk.indeed.com/viewjob?jk=1e31ae2578aadc3a,Webtures,London,,No,Design and deployAIsolutions to enhance business operations.;DevelopAImodels and algorithms.;Work across teams to integrateAItechnologies into products…,1
"AI & Machine Learning Engineer, Associate",https://uk.indeed.com/viewjob?jk=ddeddfb40a3792e0,BlackRock Investments,Hybrid work in London,,No,"It integrates risk, investment, and client management processes through a common data language, enabling scale, insights, and business transformation.",2
Platform Engineer - AI,https://uk.indeed.com/viewjob?jk=0f058633e06a9a3d,NTT DATA,London EC4N,,No,"Your role involves driving the strategic vision and direction for these solutions, combining technological expertise and business acumen to create IT strategies…",2
Forward Deployed Engineer -Agentic AI,https://uk.indeed.com/viewjob?jk=788b1b3e8e9005fe,Kyndryl,Hybrid work in London,,No,"You’ll collect and explore data, seeking underlying patterns and initial insights that will guide the creation of hypotheses.",2
Software Engineer - AI Threat Defence,https://uk.indeed.com/viewjob?jk=372f8cfa574ee4fb,Compare the Market,Hybrid work in London,,No,"This is a greenfield mission with impact, you’ll be designing the platforms, tools, and patterns that will underpin intelligent defence across CTM.",2
AI Engineer,https://uk.indeed.com/viewjob?jk=def5e2089f0b7714,DRW,London,,No,You'll work on high-impact machine learning (ML) and artificial intelligence (AI) initiatives that are central to our business strategy.,2
AI Research Engineer (Fine-tuning),https://uk.indeed.com/viewjob?jk=4afc6955e486154e,Tether Operations Limited,Remote in London,,No,"You will work on a wide spectrum of systems, ranging from streamlined, resource-efficient models that run on limited hardware to complex multi-modal…",2
AI Engineer,https://uk.indeed.com/viewjob?jk=88b89da29589ebb2,RedCloud,Hybrid work in London EC2Y,,No,"We are revolutionizing B2B commerce by delivering scalable, innovative solutions that empower businesses to grow and thrive in a competitive landscape.",2
"Machine Learning Engineer, AI Foundations",https://uk.indeed.com/viewjob?jk=650eadcf4a9e9dd3,Waymo,Hybrid work in London,,No,"This role can be based out of the Oxford or London, UK office and the work modality is hybrid.;Work with a creative team of people who help to design, train,…",2
Staff AI Engineer,https://uk.indeed.com/viewjob?jk=e5cfbcfb29ce9a0e,Fifth Dimension AI,Hybrid work in London W1D,,No,"By Friday, you're celebrating with the team as data flows seamlessly between platforms, unlocking new capabilities for real estate investors that will help them…",2
Software Engineer – Developer Experience (AI Tools),https://uk.indeed.com/viewjob?jk=061ec66beff20692,Optiver,London,,No,"Build and maintain integrations betweenAItools and Optiver's internal platforms, ensuring these tools are deeply context-aware, secure, and seamless for…",2
"Distinguished Engineer, Data, ML & AI, Office of the CTO",https://uk.indeed.com/viewjob?jk=6f7a021866640086,Equinix,Hybrid work in London EC2M 4YR,Annual leave;Employee assistance programme;Company pension,No,"The Office of the CTO (OCTO) at Equinix is chartered with driving the technology vision, strategy, and architecture to support the company’s overall business…",2
"Research Engineer, ML, AI & Computer Vision",https://uk.indeed.com/viewjob?jk=4b407eba43fb989d,Oculus,London,,No,The Surreal SpatialAIgroup is seeking high-performing researchengineersto build machine perception technology allowingAIagents and systems to perceive and…,2
Solutions Engineer Service Provider & AI,https://uk.indeed.com/viewjob?jk=e7b48ab9898a9e63,Cisco Systems,London,Life insurance;Paid volunteer time,No,"Understand customer and partner needs to effectively present Cisco's SecureAIsolutions.;Lead product demonstrations, address technical queries, contribute to…",2
Front-End Engineer (Generative AI),https://uk.indeed.com/viewjob?jk=466becd55409db00,Neo4j,London,,No,"Neo4j is the leader in Graph Database & Analytics, helping organizations uncover hidden patterns and relationships across billions of data connections deeply,…",2
Contract - AI Engineer,https://uk.indeed.com/viewjob?jk=fb6434f1b07edbd4,Deloitte,Hybrid work in London,,No,"Experience creating, monitoring and troubleshooting APIs (for interfacing with engineers).;Collaborate effectively within a cross-functional team (data…",2
Associate AI Engineer- 1 year Fixed Term Contract,https://uk.indeed.com/viewjob?jk=f4546b1251289d13,Chubb,London,,No,"You will be integral in applying industry best practices to deliver quality software products efficiently and effectively, while embracing the latest…",3
Software Engineer III - AI,https://uk.indeed.com/viewjob?jk=93c9a9561c1884e6,JPMorganChase,London E14 5JP,,No,Collaborate with VPengineersand cross-functional partners to understand requirements and execute implementation.,3
Artificial Intelligence Engineer,https://uk.indeed.com/viewjob?jk=fd75a3c15d8ac297,Linux Recruit,London,,No,An environment where your LLMs are interacting with each other in meaningful ways to make things happen for the customer.,3
Graduate AI Engineer,https://uk.indeed.com/viewjob?jk=4f5bf580a312c2df,Scrumconnect Consulting,Hybrid work in Staines-upon-Thames TW18,Life insurance;Company pension;Private medical insurance;Flexible schedule;On-site parking,No,"Collaborate onAIresearch projects under the guidance of seniorAIengineers.;This role is designed to provide structured, real-world experience in machine…",3
Staff AI Engineer,https://uk.indeed.com/viewjob?jk=6838e604ddffd5ac,bp,Hybrid work in Sunbury,,No,"Mentor juniorengineersand data scientists, and contribute to technical design reviews.;You will work closely with data scientists, softwareengineers, and…",3
Software Engineer (AI System),https://uk.indeed.com/viewjob?jk=0505d307c771c84c,Pangaea Data,London,,No,"Work closely withAIengineers, clinicians, scientific, and product teams to ensure that deployed tools meet functional and non-functional requirements.",3
"AI/ML Engineer, AI Finance",https://uk.indeed.com/viewjob?jk=68c7694d257f7138,GSK,London,,No,"Proactively communicate problems, delays, and changes to project lead or seniorengineersand ask for help.;By leveraging data from across the organisation and…",3
Sales Engineer (London) - Blueflame AI,https://uk.indeed.com/viewjob?jk=737016774f43ce61,Datasite,London,,No,The ideal candidate combines technical aptitude with strong communication skills and a deep understanding of how financial institutions operate.,3
"Software engineer, AI product",https://uk.indeed.com/viewjob?jk=197f2c58a867a963,Watershed Technology,Hybrid work in London,,No,"Prototype, develop and iterate on a new product area for Watershed, giving our customers powerfulAItools for information extraction and report generation.",3
AI Engineer,https://uk.indeed.com/viewjob?jk=840d66a932b5e761,CIS,London,,No,"Collaborate with data scientists, softwareengineers, and product managers to deployAIsolutions in production environments.",3
Software Engineer (Python) - AI Platform,https://uk.indeed.com/viewjob?jk=91199ac33707d5e1,Revolut,London,,No,"You'll create modern, production-grade systems from the ground up, solving complex engineering challenges at a global scale.",3
Javascript Senior Software Engineer (AI SDK),https://uk.indeed.com/viewjob?jk=125c4a6bb3ad3372,Tether Operations Limited,Remote in London,,No,"You will design, build, and maintain modular, versioned SDKs that abstract complex backend logic into clean, usable interfaces — enabling seamless integration…",3
Forward‑Deployed AI Engineer,https://uk.indeed.com/viewjob?jk=f200820dd85ce8f7,G-Research,London,,No,"Upskillingengineersand analysts through pair‑programming, workshops and written playbooks onAIengineering best practices.",3
Senior AI Engineer,https://uk.indeed.com/viewjob?jk=bd14ededaf09ce05,Elsewhen,Hybrid work in London EC2A,,No,"Collaborate on AI-driven projects, working alongsideengineers, product managers andAIspecialists while maintaining clear documentation.",3
"Software engineer, generative AI",https://uk.indeed.com/viewjob?jk=f6232865cd291ecd,WRITER,London,Company pension,No,"You will work closely with cross-functional teams to design, implement, and maintain features that enhance the user experience, drive product growth, establish…",3
Senior AI Engineer,https://uk.indeed.com/viewjob?jk=b0921de9cdd74c30,Scrumconnect Consulting,Staines-upon-Thames TW18,,No,"This role is not for managers sitting in meetings all day – we need a doer.;Someone who writes production code, prototypes at lightning speed, and loves turning…",4
Machine Learning Engineer,https://uk.indeed.com/viewjob?jk=fff4738b70aaa66d,Data Idols,Hybrid work in London,,No,"You’ll work closely with analysts, dataengineersand stakeholders, ensuring models are reliable, scalable, and production-ready.",4
Software Engineer- AI Security Institute,https://uk.indeed.com/viewjob?jk=a8421a12efeddb50,"Department for Science, Innovation & Technology",Hybrid work in London,Childcare;Annual leave;Employee discount;Company pension,No,"Experience mentoring or supporting other engineers.;SEO - L4L, L4H, G7 - L5L, L5H, G6 - L6L, L6H.;Flexible working, Full-time, Job share, Part-time.",4
Senior AI Engineer - Data & Infrastructure for Multimodal Models (100% Remote),https://uk.indeed.com/viewjob?jk=0adbacb9251c85e3,Tether Operations Limited,Remote in London,,No,"We're seeking experiencedAIinfrastructureEngineersto design and implement robust, scalable pipelines for massive data workloads.",4
Lead Machine Learning and AI Engineer,https://uk.indeed.com/viewjob?jk=84fc75bd3ec5e1a4,NatureMetrics,Hybrid work in London,,No,"Experience of providing technical mentorship and guidance to junior MLengineersand data scientists.;Mentorship: Provide technical guidance, project management…",4
Junior Software Engineer,https://uk.indeed.com/viewjob?jk=b81f7d034c1988c5,Artefact,Hybrid work in London,,No,"Training and certification to enhance your skills in software engineering, data science, and data architecture.",4
"Senior AI Engineer (AI Factory), Manager – Financial Services, AI Scaling and Transformation, Technology & Transformation",https://uk.indeed.com/viewjob?jk=7f2d856734f951be,Deloitte,Hybrid work in London,,No,Collaborate with client stakeholders and internal teams to understand business requirements and translate them into robustAIsolutions.,4
"Machine Learning Engineer, Model Customization, Generative AI Innovation Center",https://uk.indeed.com/viewjob?jk=8c6daf96059e7f3c,AWS EMEA SARL (UK Branch),London,,No,"Additionally, we work closely with foundational model providers to optimizeAImodels for Amazon Silicon, enhancing performance and efficiency.",4
Quality Cloud Architect (AI Solutions Engineer),https://uk.indeed.com/viewjob?jk=de1286c391fda58a,ClearRoute,Hybrid work in London EC1N,,No,ClearRoute is driving the adoption of agentic-first development to deliver transformativeAIsolutions.;You will work closely with cross-functional teams to…,4
Research Engineer- AI Security Institute,https://uk.indeed.com/viewjob?jk=170a28e27ea3d986,"Department for Science, Innovation & Technology",Hybrid work in London,Childcare;Annual leave;Employee discount;Company pension,No,"Experience mentoring or supporting less experiencedengineersor researchers.;SEO - L4L, L4H G7 - L5L, L5H, G6 - L6L, L6H.;This includes grade on return.",4
"Machine Learning Engineer, Generative AI Innovation Center",https://uk.indeed.com/viewjob?jk=68248de716eea286,AWS EMEA SARL (UK Branch),London,,No,"Customers such as Highspot, Lonely Planet, Ryanair, and Twilio are engaging with the GAI Innovation Center to explore developing generative solutions.",4
AI / ML Engineers,https://uk.indeed.com/viewjob?jk=926fc83527da52e6,AWTG,London,,No,Neural Network Training: Develop and train advanced neural network models to meet specific functional requirements.,4
AI Software Engineer/Platform Architect - BCG X,https://uk.indeed.com/viewjob?jk=607df933f3230819,Boston Consulting Group,London,Annual leave,No,+4 years of experience in a technology consulting environment.;Experienced at guiding non-technical teams and consultants in and best practices for robust…,4
Justice AI Academy Intern - Justice AI Unit,https://uk.indeed.com/viewjob?jk=c9c37dfab176816f,Ministry of Justice,Hybrid work in Westminster,Childcare;Annual leave;Employee discount;Company pension;Flexible schedule,No,Automation in back-office functions – Enhancing efficiency through AI-driven tools such as automated email management and document drafting.,4
Principal AI Engineer,https://uk.indeed.com/viewjob?jk=9c35d69b7af01912,bp,Hybrid work in Sunbury,,No,"Experience mentoring seniorengineersand shaping the growth of engineering organisations.;Strong ability to communicate technical strategy to executives,…",4
Senior AI Data Engineer (UK),https://uk.indeed.com/viewjob?jk=1f4621b6168099fb,TWG Global AI,Hybrid work in London,Full-time,No,"Mentor juniorengineersand set standards for data engineering excellence.;We prioritize responsible data andAIpractices, ensuring ethical standards and…",5
L2/L3 Network Engineer (AI Datecentre),https://uk.indeed.com/viewjob?jk=87d5be104c56791e,Cerco Limited,London SW17,£450 - £600 a day;Full-time+2,No,"Collaborate with systemsengineers, hardware teams, and cloud architects to ensure end-to-end connectivity forAIworkloads.",5
Staff Engineer - AI Products,https://uk.indeed.com/viewjob?jk=e31ecd71ecda41d9,hyperexponential,London,Full-time,No,One is a powerful data ingestion engine that uses advanced LLMs to turn unstructured insurance documents into actionable insights.,5
Senior Machine Learning Scientist,https://uk.indeed.com/viewjob?jk=b23beca948dd0f3e,GoDaddy,Slough SL1 4PN,"£37,607.64 - £52,867.08 a year;Full-time;Employee stock purchase plan;Annual leave;Company pension;Work from home",No,Collaborate with MLengineersto develop ML pipelines and ensure the quality and reliability of our ML solutions.;Experience with price/discount optimization.,5
Lead AI Solutions Engineer,https://uk.indeed.com/viewjob?jk=fcc56c26a4297869,V7,Hybrid work in London,"£120,000 - £150,000 a year;Full-time",No,"V7 Go is the flagship document processing and workflow automation platform featuring specializedAIagents for finance, insurance, legal, and real estate.",5
Machine Learning Engineer – AI Team (Global Digital),https://uk.indeed.com/viewjob?jk=64c14169061eaf11,Populous,Hybrid work in London SW15 2NU,,No,"We’re seeking an applied machine learningengineerwho loves solving real-world problems with data and AI.;You’ll work across the full ML lifecycle, from data…",6
AI Product Engineer (Agents),https://uk.indeed.com/viewjob?jk=43cac2842f19c98a,V7,Hybrid work in London,"£90,000 - £150,000 a year;Full-time",No,"Natural problem-solver who can explain complexAIchallenges to anyone, fromengineersto executives.;V7 Go provides legal, finance, insurance, and accounting…",6
Lead Forward Deployed AI Engineer,https://uk.indeed.com/viewjob?jk=61087518f71cfe32,V7,Hybrid work in London,"£120,000 - £150,000 a year;Full-time",No,"V7 Go is the flagship document processing and workflow automation platform featuring specializedAIagents for finance, insurance, legal, and real estate.",6
Tech Accelerate Graduate Program - Software Engineer,https://uk.indeed.com/viewjob?jk=994ea6b8b44b10a4,RELX,London,Full-time;Employee discount;Company pension;Season ticket loan;Car scheme,No,"Implementing successful development processes, coding best practices, and code reviews under senior-levelengineers' guidance.",6
Tech Accelerate Graduate Program - Software Engineer,https://uk.indeed.com/viewjob?jk=8ede4f0ca7252d87,Risk Solutions,London,Full-time;Employee discount;Company pension;Season ticket loan;Car scheme,No,"Implementing successful development processes, coding best practices, and code reviews under senior-levelengineers' guidance.",6
Principal AI Engineer,https://uk.indeed.com/viewjob?jk=db6505400732f265,Fyxer AI,London,Full-time,No,"Working with product reliabilityengineersto improve the quality of our raw email, meeting, document and messaging data.;Interaction with human data teams.",6
Machine Learning and AI Engineer,https://uk.indeed.com/viewjob?jk=4ac00ca4f4bc75c0,NatureMetrics,Hybrid work in London,,No,"You'll play a key part in our ML andAIroadmap, directly contributing to helping organisations understand and manage their impact on nature.",6
Graduate Product Engineer,https://uk.indeed.com/viewjob?jk=8a9ec411a2bf1ba2,GetGround,Hybrid work in London,Full-time;UK visa sponsorship,No,"Building user-facing AI-native products across the full stack.;You’ll gain exposure to React/TypeScript frontend and Golang backend, usingAItools as your co-…",6
AI Platform Engineer,https://uk.indeed.com/viewjob?jk=9bbe8d7aa67bb7d6,Aries Global,London,Full-time,No,"Build the Core Platform: Develop foundational systems that support portfolio company onboarding and drive intelligent GTM agents for outbound, inbound, and…",6
Artificial Intelligence Engineer,https://uk.indeed.com/viewjob?jk=e515be40e5edd82c,A Y & J Solicitors,London WC1V 7QT,"£42,000 - £55,000 a year;Full-time",No,"We seek an Artificial IntelligenceEngineerto develop, implement, and optimiseAImodels and tools that will transform legal service delivery and client…",6
AI Infrastructure Deployment Engineer,https://uk.indeed.com/viewjob?jk=68a9c2984fcd520f,Cerco Limited,London SW1H 9HP,£300 - £500 a day;Full-time+2,No,"You will work alongside hardwareengineers, data center operations teams, and network architects to ensure fast, reliable, and secure deployments.",6
Machine Learning Engineer,https://uk.indeed.com/viewjob?jk=bd8e774b795d3cac,Speechmatics,Hybrid work in London,,No,Experimenting with distillation or quantisation to speed up our models at runtime.;Comparing compute efficiencies of architectures such as a transformer and the…,7
Lead Software Engineer – AI/ML Development and Infrastructure Engineer,https://uk.indeed.com/viewjob?jk=fb897679b8cf7927,JPMorganChase,London E14 5JP,,No,"Your proficiency in AWS and Terraform will be essential in creating secure, stable, and scalable infrastructure environments.",7
ML (Machine Learning) Engineer,https://uk.indeed.com/viewjob?jk=ab2c23a928ffbdb5,BAE Systems,Hybrid work in London,Referral programme;Private dental insurance;Company pension;Private medical insurance;Cycle to work scheme,No,"Ensuring the quality and accessibility of data used for machine learning projects is appropriate, collaborating with dataengineersas necessary.",7
Machine Learning Engineer,https://uk.indeed.com/viewjob?jk=f815af8f08b1d96d,Corsearch,Hybrid work in London EC2V 8AE,,No,"Develop and optimize machine learning models with a focus on computer vision (e.g., image recognition, object detection) and NLP (e.g., text classification,…",7
AI Engineering Lead,https://uk.indeed.com/viewjob?jk=763aac51603d0268,ClearRoute,Hybrid work in London EC1N,,No,"Collaboration: Work closely with product managers,engineers, data scientists, domain experts and stakeholders to integrateAIinto products and services.",7
Software Engineer - Technical Leadership,https://uk.indeed.com/viewjob?jk=0ee63955e92a06c6,Meta,London,,No,"Experience in mentoring/influencing seniorengineersacross organizations.;Or you may develop a deep expertise in a particular theme of external pressure,…",7
"Data Science Manager, Customer Support AI Solutions",https://uk.indeed.com/viewjob?jk=4008499dd66684a2,Meta,London,,No,"Foster Cross-Functional Collaboration: Partner with product managers,engineers, operations, and leadership across Meta to integrate AI-first solutions that…",7
Site Reliability Engineer – Field Operations,https://uk.indeed.com/viewjob?jk=b7233409436441ee,C3 AI,London,,No,"C3AIdelivers a family of fully integrated products including the C3 AgenticAIPlatform, an end-to-end platform for developing, deploying, and operating…",7
Software Engineer - Equities Tech - VP,https://uk.indeed.com/viewjob?jk=61bf43d57b60b859,Citi,Hybrid work in London,,No,They will be instrumental in setting and ensuring best code practices and designing well-crafted software.;They own the continuous delivery pipeline through to…,7
Machine Learning Specialist – Systematic Trading,https://uk.indeed.com/viewjob?jk=0bc21705df3458c0,Durlston Partners,London,,No,"This is a first-of-its-kind role, where you will act as a subject matter expert in ML, working across asset classes and strategies to develop scalable, high-…",7
"Software Engineer II, Applied Machine Learning",https://uk.indeed.com/viewjob?jk=65cf774a898b48cb,Google,London,,No,"Google's softwareengineersdevelop the next-generation technologies that change how billions of users connect, explore, and interact with information and one…",7
Engineering Manager (AI/ML Platform),https://uk.indeed.com/viewjob?jk=34f00a2491f37f7b,Deliveroo,London,Annual leave,No,Contribute to technical strategy and drive the team roadmap with Staffengineersand the team.;We are looking for an experienced Engineering Manager who has a…,7
"Software Engineering, Site Reliability Engineering BS/MS Intern, 2026",https://uk.indeed.com/viewjob?jk=2e4296343e2c1244,Google,London,,No,This internship is intended for students enrolled in their penultimate/final year of education in an accredited Bachelor's or Master's full-time degree program…,7
Data Analyst,https://uk.indeed.com/viewjob?jk=fb58faf6e48d59c7,UBS,London,,No,Be part of a small team that designs and implements analytical tools to bring enterprise statistical computing to sell-side equity research.,7
Junior Software Engineer,https://uk.indeed.com/viewjob?jk=9fc4724f8bdad508,Sportpursuit,Hybrid work in London SW9 6DE,Employee discount;Free parking;Company pension;Discounted or free food;Private medical insurance;Company events,No,"Collaborate with product managers, designers, and otherengineersto deliver high-quality solutions.;Develop and maintain features for our e-commerce platform…",7
Staff Computer Vision Engineer,https://uk.indeed.com/viewjob?jk=1731cc834df841ff,Snapchat,Hybrid work in London,,No,"In this role, you will be working on state of the art machine learning and computer vision technologies to straddle the boundaries between the real and the…",8
Embedded Software Engineer,https://uk.indeed.com/viewjob?jk=b911a29e5123b35f,Lúnasa,London,,No,"Lúnasa is a UK-based space-tech start-up building next-gen space systems to provide safe, sustainable, and affordable satellite operations for the in-space…",8
Software Engineer - Early Stage start up,https://uk.indeed.com/viewjob?jk=05db87b6b89e73ff,Linux Recruit,London,,No,"Large language models powering billing and compliance to minimise legal queries, billing enquiries and generally speed up getting paid.",8
"Software Engineer III, Google Play Protect Client",https://uk.indeed.com/viewjob?jk=9f9b19b6e0b5bf23,Google,London,,No,"Google's softwareengineersdevelop the next-generation technologies that change how billions of users connect, explore, and interact with information and one…",8
"AI Content Expert - Part-time, Artificial General Intelligence",https://uk.indeed.com/viewjob?jk=d697e4b25c41f650,Evi Technologies Limited,London,,No,"You will be working closely with scientists andengineersto review and update guidelines, identify tooling improvement opportunities, and engage in…",8
"2026 Software Engineer Program - Tech Connect - Full-time - Bournemouth, Glasgow & London",https://uk.indeed.com/viewjob?jk=9e3f5210c5a50790,JPMorganChase,London,,No,"The Tech Connect program provides fast-track training in Java coding, object-oriented development, and Agile practices, preparing participants for JPMorgan…",8
BRAIN AI Researcher,https://uk.indeed.com/viewjob?jk=250823eea5a0fd5a,WorldQuant,London,,No,"In this full-time role, you will work at the forefront of Artificial Intelligence (AI) and Large Language Models (LLMs), applying techniques to develop…",8
AI Solutions Architect,https://uk.indeed.com/viewjob?jk=06eb2fe41be76484,RSM UK,Hybrid work in London EC4A 4AB,Car scheme,No,"As ourAISolutions Architect, you will design and implement transformativeAIcapabilities that enhance audit quality and insight and support efficient…",8
Data Scientist- Gen AI,https://uk.indeed.com/viewjob?jk=31d26d5f2a9bb7c6,Scrumconnect Consulting,London EC1A,,No,"We’re hiring a Data Scientist with strong Generative-AI experience to design, build, and ship AI-powered tools end-to-end.",8
Computer Vision Engineer,https://uk.indeed.com/viewjob?jk=a5fbfbf04eae87f2,Boost inc,London SE18 6RS,,No,"Collaborate closely with cross-functional teams (backendengineers, product managers, UX/UI) to integrate solutions into customer-facing applications.",8
"Senior Data Science Engineer, Football",https://uk.indeed.com/viewjob?jk=4dee377664ac3fb6,DraftKings,London,,No,"Collect andengineersports data assets to assist in model development.;As a Senior Data Scientist on the Sports Modeling team, you will develop models and data…",8
Machine Learning Engineer,https://uk.indeed.com/viewjob?jk=54c88573faed3579,NewDay,London,,No,You're a motivatedengineerwho enjoys collaborative problem-solving and wants to grow your expertise in ML engineering.,8
Data Scientist (AI & ML),https://uk.indeed.com/viewjob?jk=fda63d11381bac8c,Rightmove,Hybrid work in London W1D,Employee discount;Gym membership;Life insurance;Employee assistance programme;Company pension;Paid volunteer time,No,Collaborating with domain experts to identify andengineermeaningful features for both machine learning and generativeAIapplications.,8
"Principal, AI Data Scientist-1 (Remote)",https://uk.indeed.com/viewjob?jk=5ae39629c0209ffa,Jazz Pharmaceuticals,Remote in London W1T,,No,"The Principal,AIData Scientist will be responsible for supporting the implementation of innovative, complex and transformative AI/ML/GenAI solutions across…",8
"Strategic Accounts, Frontier AI Labs (UK)",https://uk.indeed.com/viewjob?jk=f81a7a0ddc5c6626,Turing,London,,No,"Turing accelerates frontier research with high-quality data, specialized talent, and training pipelines that advance thinking, reasoning, coding, multimodality,…",9
Agentic AI Data Scientist – Architect the Future,https://uk.indeed.com/viewjob?jk=5c2fdc90a0acc3b7,Kyndryl,Remote in London,,No,"You’ll work with autonomy, follow your own leads, and build real systems – not tickets.;Rapid demo cycles, collaborative peer pairing, and framework rollouts in…",9
Generative AI Director,https://uk.indeed.com/viewjob?jk=a7ad185a809dc475,JPMorganChase,London EC4Y 0JP,,No,"Proven track record in building and leading teams of experienced ML engineers/scientists, preferably in the financial sector.",9
"Algorithms Engineer, Autobidder",https://uk.indeed.com/viewjob?jk=91e846b14c32e69b,Tesla,London W4 2AN,,No,"Collaborate closely with machine learningengineers, traders, analysts, and software developers to deliver integrated solutions.",9
AI Research Scientist Multimodal,https://uk.indeed.com/viewjob?jk=3bbcffba912f7d47,Autodesk,London,,No,"We are a team of scientists, researchers,engineers, and designers working together on projects that range from learning-based design systems, computer vision,…",9
Lead/Principal AI Product Designer,https://uk.indeed.com/viewjob?jk=e81eab57f1ef87aa,Xero,London,Employee assistance programme;Private medical insurance,No,"We’re building the next generation of SaaS experiences: AI-enhanced, customer-centric, and purpose Drive.;You’ll lead the creation of intelligent, world-class…",9
GenAI Platform Engineer II,https://uk.indeed.com/viewjob?jk=3de64b8c69d3733c,GSK,London N1C 4AG,,No,"Serve as a keyengineerfor the GenAI platform and contribute technical expertise to teams in closely aligned technical areas such as AIML Platform, DevOps,…",10
Computer Vision Engineer,https://uk.indeed.com/viewjob?jk=e47f2570d53f5d1f,Augmodo,Remote in London,,No,"Collaborate with hardwareengineersto integrate and optimize computer vision pipeline.;Design, implement, and optimize algorithms for computer vision and…",10
"Member of Technical Staff, AI - Reinforcement Systems",https://uk.indeed.com/viewjob?jk=8c45b9d57bf734b1,Microsoft,Hybrid work in London,,No,"The ideal candidate will be able to build complex systems from the ground up, discover and diagnose causes of suboptimal performance, and contribute to solving…",10
"Software Engineer, Applied ML - 2025",https://uk.indeed.com/viewjob?jk=c46f450bf596bc76,Brave Software,Hybrid work in London,,No,"Evaluate, integrate, and deploy state-of-the-art language models for Leo and other browserAIcapabilities, including both cloud-based and on-device deployment…",10
Machine Learning Engineer - UK,https://uk.indeed.com/viewjob?jk=b091761250ec20d4,Prima,Remote in London,Work from home;Discounted gym membership,No,"Fueled by curiosity, experimentation and collaboration, you’ll help deliver scalable, impactful solutions that shape the future of insurance.",10
AI Solution Developer I,https://uk.indeed.com/viewjob?jk=ac2c95cdde1e7eae,Parexel,London,,No,"You will also work collaboratively with dataengineers, software developers, product managers, and business stakeholders to develop innovative ML solutions and…",10
Senior Golang Engineer - AI Products,https://uk.indeed.com/viewjob?jk=efdf483ef7dff378,Citi,Hybrid work in London,Annual leave;Employee discount;Life insurance;Employee assistance programme;Company pension;Private medical insurance,No,Mentor and nurture otherengineersto help them grow their skills and expertise.;Lead the 0-1 build of multipleAIproducts.,10
AI Engineer (3D Graphics),https://uk.indeed.com/viewjob?jk=5500643989c79028,V-Nova,London W2 6LG,,No,"You will integrate a small team of seasoned developers andengineersspecialised in 3D, Visual Effects and VR/XR.;Ie. not only neural networks models.",10
Machine Learning Engineer,https://uk.indeed.com/viewjob?jk=37ca03d386b0cac3,Kaluza,Hybrid work in London,Employee discount;Company pension;Private medical insurance,No,"Community where you'll share knowledge, support other MLEs, Analysts and Product teams.;As an MLE at Kaluza, you'll help product teams identify patterns and…",10
AI Automation Engineer,https://uk.indeed.com/viewjob?jk=27ce7630eb00afa7,Geomiq,Hybrid work in London E2 9DQ,,No,Collaborate withengineersand data scientists to integrateAIand analytics into decision-making tools.;Geomiq is redefining manufacturing by giving engineers…,10
Machine Learning Engineer,https://uk.indeed.com/viewjob?jk=ca2f840793106e31,Snapchat,Hybrid work in London,,No,Develop ML-tools and ML-products that serve millions of Snapchatters on a daily basis.;Build cutting-edge augmented reality experiences with diffusion/flow…,10
1x Senior 3D AI/Vision Engineer,https://uk.indeed.com/viewjob?jk=1b391f6436a2eadf,Contilio,Hybrid work in London,UK visa sponsorship,No,"This empowers our enterprise customers to access connected, timely insights, make smart decisions and eliminate problems before they happen, saving billions in…",10
Full Stack Engineer - AI,https://uk.indeed.com/viewjob?jk=93dd6fe781f7e25a,Miro,London,,No,"Act as a mentor and technical resource for other engineers.;Build full-stack AI-powered features such as intelligent assistants (sidekicks), Create withAIapp…",10
Forward Deployed ML Engineer,https://uk.indeed.com/viewjob?jk=b585c4f73d06bbaa,Sprinklr,London,,No,This is a hands-on engineering role for those who thrive at the edge of product innovation and customer engagement.,10
Machine Learning Engineer – Insurance,https://uk.indeed.com/viewjob?jk=064e0d5d89170d94,hireful,Hybrid work in West London W2 1HU,,No,"You’ll be at the core of our machine learning operations, designing and deploying scalable pipelines, owning our Azure ML platform, and collaborating with data…",10
"Senior/Principal Python Test Software Engineer, AI",https://uk.indeed.com/viewjob?jk=acc0931d97203c5d,Medtronic,London,,No,"Collaborating withAIengineersto understand model behavior and edge cases.;Digital Technologies is part of the Medtronic Surgical Robotics operating unit,…",11
Senior MLOps Engineer,https://uk.indeed.com/viewjob?jk=79433e052533fa32,Data Idols,Hybrid work in London,,No,"This role will be central to enabling data science teams to deliver high-quality, production-ready machine learning solutions.",11
"Software Engineer, ML Infrastructure",https://uk.indeed.com/viewjob?jk=baa01dfc3be120ca,Snapchat,Hybrid work in London,,No,Work closely with MLengineersto deploy cutting-edge models into production.;Design and optimize infrastructure systems for machine learning workloads at scale…,11
"Senior Software Engineer, AI Fitness, Health Coach, Fitbit",https://uk.indeed.com/viewjob?jk=72ab79aa4a9ba39c,Google,London,,No,"Google's softwareengineersdevelop the next-generation technologies that change how billions of users connect, explore, and interact with information and one…",11
AI Product Manager,https://uk.indeed.com/viewjob?jk=ab75463984273f93,Wunderman Thompson MAP,London,,No,"You will be part of the Agentic Design Lab, collaborating closely with a diverse team ofengineers, data scientists, strategists, and marketers.",11
Data Scientist,https://uk.indeed.com/viewjob?jk=fc867ebb9544746e,Strider Technologies,London,Company pension,No,Ability to work alongside a team ofengineersand subject matter experts to determine effective and time-efficient solutions.,11
Machine Learning Operations Engineer,https://uk.indeed.com/viewjob?jk=cd1f8e4e9da3140f,Retail Insight Ltd,Hybrid work in Richmond upon Thames,Annual leave;Employee discount;Private medical insurance;Car scheme;Discounted gym membership,No,"Turn Data into Action with Retail Insight.;At Retail Insight (RI), we transform data into actionable strategies, empowering retailers and CPGs to make smarter…",11
Technical Product Manager - AI Platforms - GenAI Developer Platform,https://uk.indeed.com/viewjob?jk=697be76204cf31ba,Bloomberg,London WC2N 5DU,,No,"Organizational and communication skills to effectively coordinate and work withengineers, UX, subject matter experts, other product managers, and senior…",11
Software Engineer (UK/Europe),https://uk.indeed.com/viewjob?jk=70a75c50ade6fdde,Unibuddy,Remote in London,Annual leave;Life insurance;Company pension;Private medical insurance,No,This role is primarily focused on the Chat and Chat Widget products which provide a series of experiences and tools to prospective students to engage with…,11
AI Transformation Lead,https://uk.indeed.com/viewjob?jk=a6fee58b57da5cd0,ClearCourse,Hybrid work in London,Annual leave;Employee discount;Company pension;Private medical insurance;Discounted gym membership,No,"AI Transformation Lead | ClearCourse.;Type: Full-Time | Permanent.;In this high-impact, cross-functional leadership role, you’ll define ourAIvision, champion…",11
RESEARCH SOFTWARE ENGINEER,https://uk.indeed.com/viewjob?jk=c872bd2a190ef76e,DataSpartan Consulting,London,Gym membership;Company pension,No,"In this role you will have to use machine learning algorithm, machine learning pipeline and system development (e.g., implementing more advanced & novel machine…",11
Machine Learning Engineer (Large Systems),https://uk.indeed.com/viewjob?jk=551ad2264be54acd,Graphcore,London,Annual leave;Company pension;Private medical insurance,No,"We seekengineerswith strong technical skills and an understanding ofAImodel implementation at scale, eager to make a tangible impact in this rapidly…",11
Systems and Performance Researcher/Engineer,https://uk.indeed.com/viewjob?jk=c96c6fca4284c008,Brave Software,London,,No,"Demonstrates a high level of initiative and consistently delivers high-quality solutions.;Experience with software development practices (Python, C++,…",11
TikTok LIVE - AI Data Operation Specialist,https://uk.indeed.com/viewjob?jk=a598384492acf2f3,TikTok,London,,No,This role plays a critical part in upholding content diversity and revenue health across Tiktok Live platform.,11
AI & Audio Scientist,https://uk.indeed.com/viewjob?jk=b5caff58f9f99fba,Universal Music Group,London,Annual leave;Employee discount;Company pension;Private medical insurance,No,"Push the frontiers ofAI: Dive deep into the latest research in areas like generative models, multi-modal learning, and self-supervised learning.",11
Azure AI Trainer,https://uk.indeed.com/viewjob?jk=3ecf1067f30f7641,Ekascloud,Remote in London W1W 5BR,Flexible schedule,No,"Job Type : Remote/Part-Time/Full-Time.;Qualification : Bachelor's degree or higher in Computer Science, Information Technology, or a related Certificate.",12
Gen AI Developer,https://uk.indeed.com/viewjob?jk=10d89f13c3fd39d2,NTT Data UK,London,,No,"Deploy solution into new customer tenant (based on a re-usable method).;Onboard customer documents into the solution, including making sure diagrams have been…",12
ML Infrastructure Engineer,https://uk.indeed.com/viewjob?jk=e11e142f5aae73b6,Augmodo,Remote in London,"£155,000 - £210,000 a year",No,You will partner with both cloud and edge/storeengineersto scale and optimize ML CI/CD development for ultimately tens of thousands of stores worldwide.,12
Lead Software Engineer (Remote),https://uk.indeed.com/viewjob?jk=602b84b3a65a1da6,8th Light,Remote in London,"£76,023 - £95,029 a year",No,You have a broad and deep range of expertise that allows you to make an immediate impact on projects.;Successfully led high-stakes consulting engagements from…,12
Product Engineer,https://uk.indeed.com/viewjob?jk=6cf52671d76ff608,Flank,Remote in London,Full-time,No,"You will be an integral part of a dynamic, cross-functional team of adaptable, creative, and product-focusedengineersensuring our LLM/GenAI solutions are…",12
Data & AI Science Consultant,https://uk.indeed.com/viewjob?jk=6d58a41ac2d79fbf,Accenture,London,Private medical insurance,No,Partner with developers andengineersto deploy machine learning algorithms to deliver business value.;When combined with Accenture’s broader Strategy and…,12
"Senior Machine Learning Engineer, AI Infrastructure, Autonomy",https://uk.indeed.com/viewjob?jk=e2c94582f9a032ed,Rivian,London,Full-time,No,"Design, train, and deploy large deep learning models that can leverage the vast amount of labeled and unlabeled data from a fleet of million vehicles.",12
Machine Learning Engineer,https://uk.indeed.com/viewjob?jk=7b540798ccbfe908,Kingfisher,London W2,Permanent,No,"You will support data science projects from start to production, developing quality code and carrying out automated build and deployments, working closely with…",12
Software Engineer,https://uk.indeed.com/viewjob?jk=f6e2169945b360bb,Quantcast,London,,No,"We are seeking a SoftwareEngineerwho thrives in a fast-paced, problem-solving environment and can work with a high degree of autonomy.",12
Clinical AI Engineer (maternity cover),https://uk.indeed.com/viewjob?jk=f03b392362aa8dbf,Limbic,Hybrid work in London,Full-time,No,"You will take ownership of the whole life cycle of a new LLM-feature, design and conduct LLM-projects from start to finish.",12
Principal Engineer (C++),https://uk.indeed.com/viewjob?jk=98e5b76dd72efef7,Linux Recruit,London,,No,"You’ll be working closely with hardwareengineers, ensuring seamless interaction between custom processors and the platform that runs on them.",13
"Engineering & Quality - Software Engineer, Senior",https://uk.indeed.com/viewjob?jk=e5e95b0c57806cd9,Fitch Group,London,,No,"Engineering & Quality - SoftwareEngineer, Senior.;Date Posted: Aug 22, 2025.;Fitch Group is currently seeking a Senior SoftwareEngineer, Python Development…",13
Sr. Machine Learning Engineer,https://uk.indeed.com/viewjob?jk=af06453efb5f5a7e,Galytix,London,,No,"Collaborate with dataengineers, application programmers and data scientists.;GXaiassistants are designed for Individual Investors, Credit and Claims…",13
Senior Machine Learning Engineer,https://uk.indeed.com/viewjob?jk=5990a7636645731e,FDJ UNITED,London,Company pension;Private medical insurance,No,"At FDJ UNITED, we don't just follow the game, we reinvent it.;FDJ UNITED is one of Europe’s leading betting and gaming operators, with a vast portfolio of…",13
Application Software Engineer,https://uk.indeed.com/viewjob?jk=5c933591bb2a4ffe,Overview Ltd,Hybrid work in Woking GU21 5SA,Employee discount;Sick pay;Employee assistance programme;Free parking;Company pension;Private medical insurance,No,Overview is seeking a talented Applications SoftwareEngineerto join our innovative software engineering team.;Degree qualified in a relevant discipline.,13
Data Scientist/Senior Data Scientist – Generative AI,https://uk.indeed.com/viewjob?jk=a6bae219d0c940aa,C3 AI,London,,No,"You will work directly with researchers, data scientists, softwareengineers, and subject matter experts in the definition of new generativeAIcapabilities…",13
Senior Mission Software Engineer (m/f/d),https://uk.indeed.com/viewjob?jk=23070f55c3e034cd,ARX Robotics GmbH,London,,No,We are seeking a Senior Mission SoftwareEngineer(m/f/d) with expertise in Edge Computing and Sensor Data Processing to join our team.,13
Software Engineer - Graph Data Science,https://uk.indeed.com/viewjob?jk=e3060d18aa217d62,Neo4j,London,,No,Work in a highly collaborative and friendly team of skilled and motivated engineers.;Partner with softwareengineersfrom other teams in Neo4j to ensure…,13
Senior Site Reliability Engineer,https://uk.indeed.com/viewjob?jk=18daabb9402a014c,Cynergy Bank,Hybrid work in London EC4M 9AF,,No,"Coachengineersand support platform strategy.;Operating as part of a team, you will have the opportunity to learn and grow with seniorengineersand cloud…",13
Asst Dir-DevOps Engineer,https://uk.indeed.com/viewjob?jk=12c641bc8991d638,Moody's,London EC3R,,No,"Support onboarding of juniorengineersand assist in documentation and knowledge sharing.;Ability to support onboarding and coordination of junior engineers,…",13
Staff Software Engineer,https://uk.indeed.com/viewjob?jk=3a513b6065849e43,Corsearch,Remote in London EC2V 8AE,,No,"Provide mentorship to both new and seasonedengineers, sharing best practices and driving continuous improvement.;We use C#, Go, Ruby, and Python.",13
Lead Consultant UK | GCP | Data & AI/ML Pre-Sales Architect,https://uk.indeed.com/viewjob?jk=ebcce51aec71f1a2,Devoteam,London,Company pension;Private medical insurance;Work from home,No,"Mentoring juniorsengineersand contributing to the growth of the team.;Devoteam is a leading consulting firm focused on digital strategy, tech platforms and…",13
Senior Analytics Developer,https://uk.indeed.com/viewjob?jk=85bbfe985390398e,LexisNexis,Farringdon,Employee discount;Sabbatical;Employee assistance programme;Company pension;Flexible schedule,No,The team consists of experienced dataengineersand reporting developers.;Are you ready to elevate your analytics career to new heights?,13
"Data Scientist, AWS Industries",https://uk.indeed.com/viewjob?jk=a59cb039a9b1c10a,AWS EMEA SARL (UK Branch) - F93,London,,No,"This is a team of data scientists,engineers, and architects working step-by-step with customers to build bespoke solutions that harness the power of generative…",13
DevOps Engineer,https://uk.indeed.com/viewjob?jk=095da5a45e56affb,Element Materials Technology,Remote in London WC2E 7HA,,No,Mentor juniorengineersand foster a culture of continuous learning within the team.;Collaborate with data scientists andengineersto support the…,13
Software Engineer (Application platforms/AWS/Python),https://uk.indeed.com/viewjob?jk=07986881c2dda541,Travtus,Hybrid work in London,Company pension;Private medical insurance,No,"Mentorengineersin platform development, code quality, and the effective use of shared services.;Build frameworks that streamline integration with third-party…",14
Copilot Engineer,https://uk.indeed.com/viewjob?jk=c9c9a44aea3a554a,Capgemini,Hybrid work in London,,No,"As a Copilot specialist, you will contribute to the build, implementation, testing and maintenance of Copilot studio solutions, as well as building and…",14
Software Engineer,https://uk.indeed.com/viewjob?jk=cb4f8443f6e9f197,LexisNexis,Farringdon,Employee discount;Company pension;Flexible schedule;Season ticket loan;Car scheme,No,Researching the applicability of cutting-edgeAItechnology in our features.;Keeping up to date with evolvingAIframeworks.,14
Software Engineer,https://uk.indeed.com/viewjob?jk=8eda48d5bb3e7130,RELX,Farringdon,Employee discount;Company pension;Flexible schedule;Season ticket loan;Car scheme,No,Researching the applicability of cutting-edgeAItechnology in our features.;Keeping up to date with evolvingAIframeworks.,14
AI Platform Lead,https://uk.indeed.com/viewjob?jk=426fa0edaaf68167,The AA,Hybrid work in London,Annual leave;Employee discount;Company pension;Private medical insurance;Car scheme,No,"Working hands-on with technologies like AzureAIFoundry, Kubernetes, Terraform, and MLflow, you’ll collaborate with architects, data scientists,engineers, and…",14
Product Engineer (Backend),https://uk.indeed.com/viewjob?jk=4c8bba535cb6dcd1,Granola,London,Relocation assistance,No,"In this role, you will deep dive into scaling challenges, build secure and reliable infrastructure, and develop robust backend solutions that power exciting new…",14
Software Engineer (ML Engineering),https://uk.indeed.com/viewjob?jk=b9c54f7ffb077579,Isomorphic Labs,Hybrid work in London,,No,"We are looking forengineerswith different levels of experience - Mid through to Senior, Principal, Staff or equivalent levels.",14
Software Engineer,https://uk.indeed.com/viewjob?jk=838fc5b3964c221f,G-Research,London,Company pension;Company events,No,"Coaching and upskillingengineersacross the firm in using platform APIs, SDKs and self‑service tooling effectively.",14
Senior AI Engineer - Generative AI and Search - Artificial Intelligence,https://uk.indeed.com/viewjob?jk=bf3b858776b94749,Bloomberg,London WC2N 5DU,,No,"Collaborate closely with cross-functional teams, including product managers andengineers, to integrateAIsolutions into client facing products , enhance…",14
Software Engineer (Back-End),https://uk.indeed.com/viewjob?jk=b466fe9581657cbd,NatureMetrics,Hybrid work in London,Annual leave;Company pension;Cycle to work scheme,No,"This role requires close working with the wider technical team (Data, Bioinformatics, Product) to build a transformational biodiversity platform.",14
"Head of Data Science, AI and Data Visualisation",https://uk.indeed.com/viewjob?jk=5245fb04d687347b,pladis,Chiswick Park Station,,No,"Collaborate with product owners, dataengineers, and business stakeholders to ensure successful deployment and adoption ofAIsolutions.",14
Staff Backend Engineer,https://uk.indeed.com/viewjob?jk=4128c362f0a0c540,Monzo,London,Flexible schedule,No,"London / UK Remote | StaffEngineer(L60) £115,000 - £150,000 + Benefits | Technology - Engineering.;Kafka for our asynchronous message queue.",14
Sr. ML Engineer,https://uk.indeed.com/viewjob?jk=3c8659f9a157efc0,Veritone,London,,No,"If you can translate complex problems into actionable insights, then please continue reading.;Driving the definition, development and evolution of the…",14
Senior Machine Learning Engineer - Knowledge Graph(Remote),https://uk.indeed.com/viewjob?jk=5f0a3dcf1883cbe9,BenchSci,Remote in London,,No,"Minimum 3, ideally 5+ years of experience working as an ML engineer.;Work closely with other MLengineersto ensure alignment on technical solutioning and…",14
Senior Machine Learning Engineer (Remote),https://uk.indeed.com/viewjob?jk=631721e241d325a5,Forbes Advisor,Remote in London,Flexible schedule,No,"The team brings rich industry knowledge to Forbes Advisor’s global coverage of consumer credit, debt, health, home improvement, banking, investing, credit cards…",14
Staff Frontend Platform Engineer,https://uk.indeed.com/viewjob?jk=23d54bedcc935fc1,Intercom,Hybrid work in London,,No,"Strong track record of enabling otherengineersor product teams, through frameworks, tooling, or architectural decisions.;Flexible paid time off policy.",15
Senior Software Engineer (Backend),https://uk.indeed.com/viewjob?jk=0be00e9604521189,Linux Recruit,London,,No,"The company is deeply committed to revolutionising the way businesses connect to their SAP systems, providing insightful analysis and transformative solutions.",15
Go Software Engineer,https://uk.indeed.com/viewjob?jk=f5b3d8c487e0b05f,Vidsy,Hybrid work in London,Employee assistance programme;Private medical insurance,No,"In this role, you’ll be involved in the entire feature lifecycle, from concept and development to deployment and performance monitoring.",15
"Data Science Manager, Digital Technologies",https://uk.indeed.com/viewjob?jk=a3c8d202f635b7b0,Medtronic,London,,No,"The Digital Technologies Business Unit (DTBU) at Medtronic is implementing cutting-edgeAItechnology, computer vision, and augmented reality in the operating…",15
Senior Site Reliability Engineer,https://uk.indeed.com/viewjob?jk=5200e02228178f6a,Rithum,London,,No,"Using our commerce, marketing, and delivery solutions, our customers create optimised consumer shopping journeys from beginning to end.",15
"Front End Engineer, Console",https://uk.indeed.com/viewjob?jk=855dff2611ecacfa,evroc,Hybrid work in London,,No,Collaborate Across Teams: Work closely with our backendengineersto ensure seamless integration of design and functionality.,15
Senior Machine Learning Engineer (Brahma),https://uk.indeed.com/viewjob?jk=88aae1ae50461a6d,DNEG,London W1W,,No,"Ability to mentor juniorengineersand work independently.;As a senior member of the team, you’ll shape core infrastructure, set best practices, communicate…",15
Infrastructure/DevOps Engineer,https://uk.indeed.com/viewjob?jk=c8c01450995dc3c4,Metropolitan Police,Southwark,Pay rise;Company pension,No,"Using your technical experience to design, develop, and support new IT systems, as well as using your expertise to provide hands-on assistance to the team to…",15
Principal Software Engineer - Python,https://uk.indeed.com/viewjob?jk=719cbc02de8742b4,LSEG (London Stock Exchange Group),London,Paid volunteer time,No,"You will combine strategic thinking, strong problem-solving skills and a collegiate approach to working.;Design and development of scalable software.",15
Python Backend Lead,https://uk.indeed.com/viewjob?jk=a9e62449ef6bfeb3,Specter Labs,London,,No,"We have been building a new Python/FastAPI backend to support a faster, more scalable, and more complex product.;Strong experience with Python & FastAPI.",15
Software Engineer (IAM),https://uk.indeed.com/viewjob?jk=648c887f1751b956,Red Sift,Hybrid work in London W1F 8GR,,No,"We ensure seamless, secure user experiences while maintaining robust access controls, empowering teams to innovate confidently on a trusted foundation.",15
Principal Data Science & ML Engineering Consultant,https://uk.indeed.com/viewjob?jk=11f0e3a76c521f96,"EPAM Systems, Inc.",London,,No,"Work with cross-functional teams, including dataengineers, software developers and business stakeholders, to ensure the successful implementation of ML…",15
DevOps Engineer,https://uk.indeed.com/viewjob?jk=0cf13cceddce6a0c,RedCloud,Hybrid work in London EC2Y,,No,"You’ll be part of a team ofengineerswho implement our DevOps practices, delivery pipelines as well as identifying production issues and performance…",15
Lead Data Scientist,https://uk.indeed.com/viewjob?jk=894b7f56b1171917,S&P Global,London,,No,"London, United Kingdom; Gdansk, Poland.;Grade Level (for internal use):;The Capital IQ Solutions Data Science team supports the S&P Capital IQ Pro platform with…",15
Principal Software Engineer,https://uk.indeed.com/viewjob?jk=9b0c373921e87f00,Sage,Hybrid work in London,,No,Problem Translation: Collaborate with product managers and machine learningengineersto translate product/business problems into tractable machine learning…,16
Research Associate in Machine Learning for Offshore Engineering,https://uk.indeed.com/viewjob?jk=13b8718429dc310a,Imperial College London,South Kensington,Company pension,No,"Collaborate with a multidisciplinary team of structuralengineers, mechanicalengineersand HPC specialists to ensure maximum impact including through…",16
Senior Data Scientist,https://uk.indeed.com/viewjob?jk=2148d690a87e4fe9,S&P Global,London,Referral programme;Employee discount,No,"Collaborate closely with product teams, business stakeholders, andengineersto ensure seamless integration of NLP models into production systems.",16
Software Engineer - Site Reliability Engineering,https://uk.indeed.com/viewjob?jk=4ed010d86a86fc22,Neo4j,London,,No,"Neo4j is the leader in Graph Database & Analytics, helping organizations uncover hidden patterns and relationships across billions of data connections deeply,…",16
Senior GenAI Engineer – Python (FX Tech),https://uk.indeed.com/viewjob?jk=65d85a2b57cb6f13,Citi,Hybrid work in London,Annual leave;Employee discount;Life insurance;Employee assistance programme;Company pension;Private medical insurance,No,"We enable clients to achieve their strategic financial objectives by providing them with cutting-edge ideas, best-in-class products and solutions, and…",16
Senior Software Engineer,https://uk.indeed.com/viewjob?jk=48a55f9aa5dbe857,Moody's,London E14,,No,"Guide juniorengineers, set technical direction, and champion best practices in system design and observability.",16
Senior Software Engineer (Experiences Squad),https://uk.indeed.com/viewjob?jk=870dbb4e9b179cad,Epsilon,Hybrid work in London W12 7FR,,No,"We ship code into production on a weekly basis; fostering a continuous delivery mentality, paired with CI systems, enables us to release new features to…",16
Full Stack Developer / Software Engineer,https://uk.indeed.com/viewjob?jk=04204be2ee5295c2,SunGod,Hybrid work in London SE1 7NN,Paid volunteer time;Flexible schedule;Cycle to work scheme,No,"Full-time starting October 2025, with hybrid working.;Mid (minimum 3 years experience).;Generous 30 days holiday allowance plus bank holidays.",16
Software Engineer - Cypher Surface,https://uk.indeed.com/viewjob?jk=e3ebcae6de9a528c,Neo4j,London,,No,"Neo4j is the leader in Graph Database & Analytics, helping organizations uncover hidden patterns and relationships across billions of data connections deeply,…",16
"Mobile Application Developer - London, UK",https://uk.indeed.com/viewjob?jk=c1f6b61e01e1d0c4,Newsroom AI,Hybrid work in London,,No,"A highly capable and ambitious engineering team, responsible for overcoming difficult technical challenges to bring our users industry leading usability,…",16
Senior Product Engineer,https://uk.indeed.com/viewjob?jk=7dd9ad5dfa7fbdd2,Intercom,Hybrid work in London,,No,"Ship a change to production on your first day and a feature in your first week.;5+ years of industry experience in a software engineering role, preferably…",17
Senior Machine Learning Engineering Manager,https://uk.indeed.com/viewjob?jk=8e1967f186aaf95e,Quantcast,London,,No,"As a Senior Machine Learning Engineering Manager, you will lead and develop a team of Machine LearningEngineersto execute the engineering vision and roadmap…",17
"Staff Software Engineer, Query Execution",https://uk.indeed.com/viewjob?jk=b134c8d32ea1d2c6,MongoDB,Remote in London,,No,"Atlas allows customers to build and run applications anywhere—on premises, or across cloud providers.;Our team plays a crucial role in the performance and…",17
Full Stack Engineer,https://uk.indeed.com/viewjob?jk=7740df563ad23a2b,PERLON AI LTD,London,,No,Work alongside a skilled team of experienced and high-performingengineersand commercial operators.;McKinsey estimates that genAIcould open up an incremental…,17
Lead DevOps Engineer,https://uk.indeed.com/viewjob?jk=f0cb019395d791fd,Mastercard,London EC4R 3AB,,No,"As a Lead MLOpsEngineerat Mastercard, you'll play a pivotal role focusing on the seamless deployment, operationalization, and continuous improvement of our AI…",17
Machine Learning Manager,https://uk.indeed.com/viewjob?jk=a16fa2b696d7e8e1,Isomorphic Labs,Hybrid work in London,,No,"You will lead a talented team of ML and full stack softwareengineers, guiding them in building robust, scalable, and innovative machine learning systems and…",17
"Native Engineer, Platform Services - London",https://uk.indeed.com/viewjob?jk=f835775e8dedd375,HERE,Hybrid work in London,,No,Engage with our support and salesengineersto help shape the roadmap for our products.;Creating applications and frameworks on the Windows platform using .,17
Senior Software Engineer,https://uk.indeed.com/viewjob?jk=96b580765ab685c4,Tipalti,London,,No,"Our tech teams are the engine behind our business.;Lunch paid for 3 days a week in the office (Monday, Tuesday and Thursday).",17
Principal Data Scientist,https://uk.indeed.com/viewjob?jk=70e60a507b69ba98,Sky,Hybrid work in London,Shuttle service provided;Company pension;Discounted gym membership,No,"Engage with our technology teams and dataengineersto build compliant, efficient and scalable solutions.;Data science is at the heart of decision making in Sky…",17
Full Stack Developer,https://uk.indeed.com/viewjob?jk=f5522457f35c48cd,Linux Recruit,London,,No,"A company on track to become the next tech unicorn.... with an enterprise developer platform featuring interactive graphical interfaces, robust natural-language…",17
"Staff Software Engineer, Square for Franchises",https://uk.indeed.com/viewjob?jk=f062fcdeceb9f64b,"Block, Inc.",London,,No,"Partner closely with engineering managers, product managers, productengineers, and business leads to define our roadmap.",17
Lead Software Engineer,https://uk.indeed.com/viewjob?jk=7128575a370e94fb,NatureMetrics,Hybrid work in London,,No,This is a hands-on role where you will provide thought leadership to a talented team of developers while contributing directly to key architectural and…,17
Software Engineering Manager - Client Engineering,https://uk.indeed.com/viewjob?jk=b9bcfe5fdc4d6340,Kaluza,Hybrid work in London,Employee discount;Company pension;Private medical insurance,No,"Be passionate about growing and mentoringengineerswithin your teams.;You will look after up to 2 teams ofengineers, up to 10 direct reports.",17
"Senior Machine Learning Engineer, Treasury",https://uk.indeed.com/viewjob?jk=74b2375f28a46b79,Remitly,London W1T 4EZ,Employee stock purchase plan,No,We're looking for a Machine LearningEngineerto design and build scalable ML models that power critical treasury decisions.,17
Machine Learning Scientist,https://uk.indeed.com/viewjob?jk=22229e42ab851ffc,Expedia Group,Hybrid work in London EC1V 4EX,Relocation assistance,No,"Collaborate withengineers, analysts, and product partners to deliver robust, scalable, and business-driven solutions.",17
Senior Machine Learning Engineer,https://uk.indeed.com/viewjob?jk=fd86579f9c7c3ca9,MOTORS & Cazoo,Remote in Richmond TW9 1EJ,Permanent;Sick pay;Private dental insurance;Company pension;Discounted or free food;Private medical insurance,No,"You'll play an integral part in building robust, reliable, and scalable machine learning use cases.;You'll work alongside stakeholders, data specialists and…",18
"Software Engineer - Robot Software, AV Stack",https://uk.indeed.com/viewjob?jk=5ceace7f9c38be1e,Wayve,Hybrid work in London,Full-time,No,"Our advancedAIsoftware and foundation models enable vehicles to perceive, understand, and navigate any complex environment, enhancing the usability and safety…",18
Software Engineer,https://uk.indeed.com/viewjob?jk=00686a92d2262779,Meta,London,,No,Lead large and complex technical efforts across manyengineersand teams from zero to one.;The ideal candidate is someone with experience working on maximizing…,18
Software Engineer,https://uk.indeed.com/viewjob?jk=dca2ea08f9021fb7,Meta,London,,No,Lead large and complex technical efforts across manyengineersand teams from zero to one.;The ideal candidate is someone with experience working on maximizing…,18
Staff Backend Engineer - ML Platform,https://uk.indeed.com/viewjob?jk=aba961c098614e13,Lightricks,London,,No,"Take a key role in designing and building our ML platform, working closely with our devopsengineers, researchers and product engineering teams.",18
Machine Learning Engineer,https://uk.indeed.com/viewjob?jk=bcf2305eb66cb017,Kraken,Hybrid work in London,Full-time,No,"You’ll work closely with otherengineersto build fast, and you’ll use Python and Kubernetes to deploy systems in production.",18
DevOps Engineer,https://uk.indeed.com/viewjob?jk=27bb9b95b884d07c,Financial Ombudsman Service,London,"£65,000 a year;Full-time+1;Company pension;On-site gym;Private medical insurance;Tech scheme;Cycle to work scheme;Discounted gym membership",No,"Working hours: 35 hours per week, full-time.;You'll be using advanced technical knowledge to ensure consistent and automated deployments, continually drive…",18
Software Engineer I,https://uk.indeed.com/viewjob?jk=19347aca722d8850,Checkout Technology Ltd,Hybrid work in London N1,,No,"At Checkout our softwareengineersdevelop the next-generation payments technologies that enable our Merchants to boost their acceptance rates, cut processing…",18
Sr AI Engineer (Fullstack - TS/Vue/NodeJS),https://uk.indeed.com/viewjob?jk=2d3f7472101b4cca,n8n,London,Full-time;Company pension,No,"Collaborate closely with otherengineersto ensureAIfeatures are reliable, performant, and scalable.;You'll build AI-powered capabilities, from natural…",18
Senior Data Scientist,https://uk.indeed.com/viewjob?jk=0eec3f3a3c551295,Microsoft,Remote in London,Full-time;Work from home,No,"Coaches juniorengineerson best practices.;Coaches and mentors less experiencedengineersas needed.;As part of our team, you will be working side-by-side with…",18
Machine Learning and AI Engineering Lead,https://uk.indeed.com/viewjob?jk=39e9abcd0cbede2d,Mars,London W1D 6AP,Full-time,No,The Machine Learning andAIEngineering Lead will oversee ML andAIsolution development and deployment as a capability served across the end-to-end Data &…,18
Principal Data Scientist - AI,https://uk.indeed.com/viewjob?jk=38dacb4f7631d654,Opus 2,Hybrid work in London,"£80,000 - £100,000 a year;Full-time;Company pension;Paid volunteer time;Cycle to work scheme;Company events",No,"Work closely withengineersand designers to embedAIcapabilities into real user workflows, ensuring that technical architecture supports meaningful product…",18
Frontend Engineer,https://uk.indeed.com/viewjob?jk=3c415f772d0d54f7,Specter Labs,London,,No,"Taking ownership of products and going all the way from ideation to shipping features.;We're early, so you'll have the opportunity to participate in decision-…",18
1x Backend Python - Mid-level Software Engineer,https://uk.indeed.com/viewjob?jk=e031c9cd72fce76a,Contilio,Hybrid work in London,Full-time,No,"This enables our enterprise customers to access connected, timely insights, make smart decisions, and eliminate problems before they happen, saving billions in…",18
Natural Language Processing (NLP) Engineer - 3/4 Month Contract,https://uk.indeed.com/viewjob?jk=b05d4db0e953242f,Samsung Electronics,Hybrid work in Staines-upon-Thames,Fixed term contract,No,Successful candidates will work on innovativeAIprojects and contribute to the dissemination of research outputs through conferences and journals.,18
Forward Deployed Engineer,https://uk.indeed.com/viewjob?jk=3f954c3464f5d3f6,Speechmatics,Hybrid work in London,Company pension,No,"As a product evangelist you'll be directly responsible for implementing our VoiceAIin demos, Proof of Concepts' and in full scale customer environments.",19
"Senior Staff Software Engineer, Perception, Autonomy",https://uk.indeed.com/viewjob?jk=e93ddca5fb7a8570,Rivian,London,,No,"Be independently responsible for the entire lifecycle of projects or features including engineering design, development, deployment, testing and maintenance.",19
Machine Learning Specialist,https://uk.indeed.com/viewjob?jk=4adee94dd4e1247e,Webtures,London,,No,Develop and implement machine learning models to address business challenges.;Understand and apply machine learning algorithms effectively.,19
"Senior Machine Learning Engineer, Perception",https://uk.indeed.com/viewjob?jk=a599a9fba7df4769,Rivian,London,,No,"Publishing internal technical guidance and mentoringengineersacross autonomy ML.;These models will support not only perception tasks (e.g., object detection,…",19
Senior Machine Learning Engineer (GenAI),https://uk.indeed.com/viewjob?jk=6559fea7b721bc3d,Deliveroo,London,Annual leave,No,"As an MLE, you will work within a multidisciplinary team of machine learningengineersand softwareengineersbuilding the AgenticAIplatform, and liaise…",19
ML Staff Engineer,https://uk.indeed.com/viewjob?jk=208f762a0e4803ae,"Method, a GlobalLogic company",London,Pay information not provided;Company pension,No,"Method is part of GlobalLogic, a digital product engineering company.;We are seeking a highly experienced and versatile Staff MLEngineerto join our dynamic…",20
Senior Software Engineer,https://uk.indeed.com/viewjob?jk=6e4d8abf97f7600a,ANNA Money,Hybrid work in London WC1N 1PG,"£100,000 - £120,000 a year;Full-time;Childcare;Company pension;Private medical insurance;Work from home",No,"Collaborate with a cross-functional team ofengineers, product managers, UX designers, and mobile developers to build new features.",20
Staff/Lead Fullstack Engineer (Data Structures Expert),https://uk.indeed.com/viewjob?jk=af74b77e2ab76331,Mimica,Remote in London,£600 - £650 a day;Full-time;Annual leave;Flexible schedule,No,"Background working in fast-paced, successful scale-up environments or as a foundingengineer, with a track record of delivering value quickly and iteratively.",20
Deployed Software Engineer (Ukraine),https://uk.indeed.com/viewjob?jk=8627eec305df90ee,Arondite,Hybrid work in London,Pay information not provided;Full-time;Private dental insurance;Company pension;Private medical insurance;Cycle to work scheme;UK visa sponsorship,No,"Collaborating with other deployedengineerswith diverse skill sets, including AI/ML, networking, and robotics.;Strong customer-facing communication skills.",20
"Head of Engineering (Data, ML and AI Tools)",https://uk.indeed.com/viewjob?jk=765b42d9ce5a15da,Kraken,London,Pay information not provided;Full-time,No,"Lead and scale our cross-functional ML and data engineering teams, including machine learningengineers, LLM/AIengineers, data analysts, and Software engineers…",20
